"zip","city","county","stateCode","population","state"
34787,"Winter Garden","Orange County","FL",86913,"Florida"
34953,"Port Saint Lucie","St. Lucie County","FL",78558,"Florida"
33311,"Fort Lauderdale","Broward County","FL",75435,"Florida"
33411,"West Palm Beach","Palm Beach County","FL",73919,"Florida"
33024,"Hollywood","Broward County","FL",73405,"Florida"
33025,"Hollywood","Broward County","FL",72684,"Florida"
33647,"Tampa","Hillsborough County","FL",72323,"Florida"
33023,"Hollywood","Broward County","FL",71749,"Florida"
33012,"Hialeah","Miami-Dade County","FL",71088,"Florida"
32828,"Orlando","Orange County","FL",69778,"Florida"
33157,"Miami","Miami-Dade County","FL",69152,"Florida"
32218,"Jacksonville","Duval County","FL",68996,"Florida"
33186,"Miami","Miami-Dade County","FL",68750,"Florida"
33015,"Hialeah","Miami-Dade County","FL",68517,"Florida"
32822,"Orlando","Orange County","FL",68321,"Florida"
33033,"Homestead","Miami-Dade County","FL",68121,"Florida"
32210,"Jacksonville","Duval County","FL",67110,"Florida"
34711,"Clermont","Lake County","FL",66744,"Florida"
32259,"Saint Johns","St. Johns County","FL",66518,"Florida"
33463,"Lake Worth","Palm Beach County","FL",65766,"Florida"
32244,"Jacksonville","Duval County","FL",65499,"Florida"
33178,"Miami","Miami-Dade County","FL",64751,"Florida"
33027,"Hollywood","Broward County","FL",63474,"Florida"
32765,"Oviedo","Seminole County","FL",63210,"Florida"
32825,"Orlando","Orange County","FL",63056,"Florida"
32808,"Orlando","Orange County","FL",62827,"Florida"
32818,"Orlando","Orange County","FL",62566,"Florida"
33313,"Fort Lauderdale","Broward County","FL",62232,"Florida"
34744,"Kissimmee","Osceola County","FL",60995,"Florida"
33065,"Coral Springs","Broward County","FL",60600,"Florida"
33064,"Pompano Beach","Broward County","FL",60009,"Florida"
32771,"Sanford","Seminole County","FL",59134,"Florida"
33142,"Miami","Miami-Dade County","FL",59121,"Florida"
33511,"Brandon","Hillsborough County","FL",58987,"Florida"
33414,"Wellington","Palm Beach County","FL",58842,"Florida"
32246,"Jacksonville","Duval County","FL",58684,"Florida"
32068,"Middleburg","Clay County","FL",57372,"Florida"
33032,"Homestead","Miami-Dade County","FL",57327,"Florida"
32703,"Apopka","Orange County","FL",57046,"Florida"
33458,"Jupiter","Palm Beach County","FL",56799,"Florida"
33177,"Miami","Miami-Dade County","FL",56791,"Florida"
32824,"Orlando","Orange County","FL",56484,"Florida"
33578,"Riverview","Hillsborough County","FL",55724,"Florida"
33018,"Hialeah","Miami-Dade County","FL",55241,"Florida"
33063,"Pompano Beach","Broward County","FL",55143,"Florida"
33467,"Lake Worth","Palm Beach County","FL",55101,"Florida"
33125,"Miami","Miami-Dade County","FL",54873,"Florida"
34741,"Kissimmee","Osceola County","FL",54464,"Florida"
33196,"Miami","Miami-Dade County","FL",54187,"Florida"
32225,"Jacksonville","Duval County","FL",54073,"Florida"
34746,"Kissimmee","Osceola County","FL",53653,"Florida"
33312,"Fort Lauderdale","Broward County","FL",53409,"Florida"
32608,"Gainesville","Alachua County","FL",53301,"Florida"
34221,"Palmetto","Manatee County","FL",52882,"Florida"
33161,"Miami","Miami-Dade County","FL",52824,"Florida"
33068,"Pompano Beach","Broward County","FL",52792,"Florida"
32162,"The Villages","Sumter County","FL",52752,"Florida"
33176,"Miami","Miami-Dade County","FL",52719,"Florida"
32174,"Ormond Beach","Volusia County","FL",52140,"Florida"
32792,"Winter Park","Seminole County","FL",52120,"Florida"
33165,"Miami","Miami-Dade County","FL",52047,"Florida"
33319,"Fort Lauderdale","Broward County","FL",52000,"Florida"
33415,"West Palm Beach","Palm Beach County","FL",51874,"Florida"
32256,"Jacksonville","Duval County","FL",51638,"Florida"
33810,"Lakeland","Polk County","FL",51427,"Florida"
32725,"Deltona","Volusia County","FL",50825,"Florida"
32164,"Palm Coast","Flagler County","FL",50721,"Florida"
33612,"Tampa","Hillsborough County","FL",50697,"Florida"
33321,"Fort Lauderdale","Broward County","FL",50307,"Florida"
33021,"Hollywood","Broward County","FL",50300,"Florida"
33175,"Miami","Miami-Dade County","FL",50233,"Florida"
33324,"Fort Lauderdale","Broward County","FL",49994,"Florida"
32835,"Orlando","Orange County","FL",49890,"Florida"
32303,"Tallahassee","Leon County","FL",49824,"Florida"
32712,"Apopka","Orange County","FL",49738,"Florida"
32839,"Orlando","Orange County","FL",49304,"Florida"
34668,"Port Richey","Pasco County","FL",49271,"Florida"
33617,"Tampa","Hillsborough County","FL",48987,"Florida"
33615,"Tampa","Hillsborough County","FL",48849,"Florida"
32837,"Orlando","Orange County","FL",48762,"Florida"
33461,"Lake Worth","Palm Beach County","FL",48575,"Florida"
32304,"Tallahassee","Leon County","FL",48568,"Florida"
33162,"Miami","Miami-Dade County","FL",48326,"Florida"
33179,"Miami","Miami-Dade County","FL",48196,"Florida"
32738,"Deltona","Volusia County","FL",47917,"Florida"
32907,"Palm Bay","Brevard County","FL",47823,"Florida"
33436,"Boynton Beach","Palm Beach County","FL",47606,"Florida"
32708,"Winter Springs","Seminole County","FL",47437,"Florida"
33193,"Miami","Miami-Dade County","FL",47116,"Florida"
33147,"Miami","Miami-Dade County","FL",47065,"Florida"
32940,"Melbourne","Brevard County","FL",47030,"Florida"
32137,"Palm Coast","Flagler County","FL",46970,"Florida"
33614,"Tampa","Hillsborough County","FL",46844,"Florida"
33126,"Miami","Miami-Dade County","FL",46798,"Florida"
34293,"Venice","Sarasota County","FL",46782,"Florida"
34761,"Ocoee","Orange County","FL",46233,"Florida"
34983,"Port Saint Lucie","St. Lucie County","FL",45943,"Florida"
34786,"Windermere","Orange County","FL",45914,"Florida"
34135,"Bonita Springs","Lee County","FL",45781,"Florida"
33844,"Haines City","Polk County","FL",45765,"Florida"
33428,"Boca Raton","Palm Beach County","FL",45694,"Florida"
33610,"Tampa","Hillsborough County","FL",45622,"Florida"
33016,"Hialeah","Miami-Dade County","FL",45620,"Florida"
33433,"Boca Raton","Palm Beach County","FL",45580,"Florida"
34997,"Stuart","Martin County","FL",45562,"Florida"
32746,"Lake Mary","Seminole County","FL",45331,"Florida"
32092,"Saint Augustine","St. Johns County","FL",45098,"Florida"
34655,"New Port Richey","Pasco County","FL",45050,"Florida"
33020,"Hollywood","Broward County","FL",44914,"Florida"
33029,"Hollywood","Broward County","FL",44876,"Florida"
34758,"Kissimmee","Osceola County","FL",44793,"Florida"
34609,"Spring Hill","Hernando County","FL",44696,"Florida"
32514,"Pensacola","Escambia County","FL",43940,"Florida"
34748,"Leesburg","Lake County","FL",43915,"Florida"
33009,"Hallandale","Broward County","FL",43893,"Florida"
33880,"Winter Haven","Polk County","FL",43732,"Florida"
33155,"Miami","Miami-Dade County","FL",43702,"Florida"
33076,"Pompano Beach","Broward County","FL",43660,"Florida"
34743,"Kissimmee","Osceola County","FL",43330,"Florida"
33914,"Cape Coral","Lee County","FL",43289,"Florida"
33418,"Palm Beach Gardens","Palm Beach County","FL",42997,"Florida"
32566,"Navarre","Santa Rosa County","FL",42878,"Florida"
33579,"Riverview","Hillsborough County","FL",42456,"Florida"
32724,"Deland","Volusia County","FL",42326,"Florida"
32257,"Jacksonville","Duval County","FL",42271,"Florida"
33169,"Miami","Miami-Dade County","FL",42156,"Florida"
32073,"Orange Park","Clay County","FL",42135,"Florida"
33010,"Hialeah","Miami-Dade County","FL",42081,"Florida"
33160,"North Miami Beach","Miami-Dade County","FL",42058,"Florida"
32224,"Jacksonville","Duval County","FL",41919,"Florida"
34952,"Port Saint Lucie","St. Lucie County","FL",41779,"Florida"
33624,"Tampa","Hillsborough County","FL",41661,"Florida"
32258,"Jacksonville","Duval County","FL",41595,"Florida"
32526,"Pensacola","Escambia County","FL",41522,"Florida"
34208,"Bradenton","Manatee County","FL",41521,"Florida"
32935,"Melbourne","Brevard County","FL",41342,"Florida"
32216,"Jacksonville","Duval County","FL",41010,"Florida"
32404,"Panama City","Bay County","FL",40969,"Florida"
33014,"Hialeah","Miami-Dade County","FL",40739,"Florida"
33322,"Fort Lauderdale","Broward County","FL",40738,"Florida"
33604,"Tampa","Hillsborough County","FL",40328,"Florida"
33172,"Miami","Miami-Dade County","FL",40278,"Florida"
32811,"Orlando","Orange County","FL",40191,"Florida"
32065,"Orange Park","Clay County","FL",40035,"Florida"
32034,"Fernandina Beach","Nassau County","FL",40026,"Florida"
33837,"Davenport","Polk County","FL",39979,"Florida"
34203,"Bradenton","Manatee County","FL",39757,"Florida"
32571,"Milton","Santa Rosa County","FL",39756,"Florida"
32955,"Rockledge","Brevard County","FL",39745,"Florida"
33071,"Coral Springs","Broward County","FL",39677,"Florida"
34759,"Kissimmee","Polk County","FL",39528,"Florida"
33619,"Tampa","Hillsborough County","FL",39272,"Florida"
33905,"Fort Myers","Lee County","FL",39247,"Florida"
33881,"Winter Haven","Polk County","FL",38946,"Florida"
32707,"Casselberry","Seminole County","FL",38868,"Florida"
33908,"Fort Myers","Lee County","FL",38844,"Florida"
32780,"Titusville","Brevard County","FL",38552,"Florida"
32714,"Altamonte Springs","Seminole County","FL",38306,"Florida"
34120,"Naples","Collier County","FL",38191,"Florida"
33437,"Boynton Beach","Palm Beach County","FL",38178,"Florida"
33055,"Opa Locka","Miami-Dade County","FL",37977,"Florida"
33134,"Miami","Miami-Dade County","FL",37958,"Florida"
34698,"Dunedin","Pinellas County","FL",37838,"Florida"
33309,"Fort Lauderdale","Broward County","FL",37829,"Florida"
32810,"Orlando","Orange County","FL",37755,"Florida"
33813,"Lakeland","Polk County","FL",37582,"Florida"
33435,"Boynton Beach","Palm Beach County","FL",37533,"Florida"
33060,"Pompano Beach","Broward County","FL",37522,"Florida"
33613,"Tampa","Hillsborough County","FL",37354,"Florida"
33056,"Miami Gardens","Miami-Dade County","FL",37274,"Florida"
33823,"Auburndale","Polk County","FL",37082,"Florida"
32817,"Orlando","Orange County","FL",36808,"Florida"
32909,"Palm Bay","Brevard County","FL",36725,"Florida"
33460,"Lake Worth Beach","Palm Beach County","FL",36578,"Florida"
32904,"Melbourne","Brevard County","FL",36556,"Florida"
33030,"Homestead","Miami-Dade County","FL",36405,"Florida"
34608,"Spring Hill","Hernando County","FL",36398,"Florida"
33040,"Key West","Monroe County","FL",36379,"Florida"
33317,"Fort Lauderdale","Broward County","FL",36322,"Florida"
33410,"Palm Beach Gardens","Palm Beach County","FL",36277,"Florida"
33909,"Cape Coral","Lee County","FL",36172,"Florida"
32084,"Saint Augustine","St. Johns County","FL",36129,"Florida"
32506,"Pensacola","Escambia County","FL",36066,"Florida"
32209,"Jacksonville","Duval County","FL",36062,"Florida"
33884,"Winter Haven","Polk County","FL",36058,"Florida"
33141,"Miami Beach","Miami-Dade County","FL",35967,"Florida"
32211,"Jacksonville","Duval County","FL",35863,"Florida"
33594,"Valrico","Hillsborough County","FL",35824,"Florida"
32812,"Orlando","Orange County","FL",35822,"Florida"
34116,"Naples","Collier County","FL",35710,"Florida"
32114,"Daytona Beach","Volusia County","FL",35583,"Florida"
33417,"West Palm Beach","Palm Beach County","FL",35555,"Florida"
32807,"Orlando","Orange County","FL",35479,"Florida"
32207,"Jacksonville","Duval County","FL",35392,"Florida"
34653,"New Port Richey","Pasco County","FL",35319,"Florida"
33543,"Wesley Chapel","Pasco County","FL",35187,"Florida"
33139,"Miami Beach","Miami-Dade County","FL",35100,"Florida"
33351,"Fort Lauderdale","Broward County","FL",35082,"Florida"
32277,"Jacksonville","Duval County","FL",34880,"Florida"
33611,"Tampa","Hillsborough County","FL",34877,"Florida"
32570,"Milton","Santa Rosa County","FL",34755,"Florida"
33135,"Miami","Miami-Dade County","FL",34742,"Florida"
33952,"Port Charlotte","Charlotte County","FL",34731,"Florida"
33133,"Miami","Miami-Dade County","FL",34500,"Florida"
34207,"Bradenton","Manatee County","FL",34437,"Florida"
34142,"Immokalee","Collier County","FL",34411,"Florida"
33174,"Miami","Miami-Dade County","FL",34335,"Florida"
34232,"Sarasota","Sarasota County","FL",34324,"Florida"
33990,"Cape Coral","Lee County","FL",34275,"Florida"
32547,"Fort Walton Beach","Okaloosa County","FL",34124,"Florida"
33710,"Saint Petersburg","Pinellas County","FL",34102,"Florida"
34209,"Bradenton","Manatee County","FL",34089,"Florida"
33183,"Miami","Miami-Dade County","FL",34057,"Florida"
34683,"Palm Harbor","Pinellas County","FL",34031,"Florida"
32578,"Niceville","Okaloosa County","FL",34022,"Florida"
32720,"Deland","Volusia County","FL",33876,"Florida"
32503,"Pensacola","Escambia County","FL",33875,"Florida"
33801,"Lakeland","Polk County","FL",33861,"Florida"
32086,"Saint Augustine","St. Johns County","FL",33817,"Florida"
32301,"Tallahassee","Leon County","FL",33803,"Florida"
33073,"Pompano Beach","Broward County","FL",33691,"Florida"
32309,"Tallahassee","Leon County","FL",33675,"Florida"
33409,"West Palm Beach","Palm Beach County","FL",33372,"Florida"
34638,"Land O'Lakes","Pasco County","FL",33183,"Florida"
33173,"Miami","Miami-Dade County","FL",33026,"Florida"
34119,"Naples","Collier County","FL",33017,"Florida"
33130,"Miami","Miami-Dade County","FL",32946,"Florida"
33407,"West Palm Beach","Palm Beach County","FL",32904,"Florida"
33180,"Miami","Miami-Dade County","FL",32881,"Florida"
32507,"Pensacola","Escambia County","FL",32766,"Florida"
33713,"Saint Petersburg","Pinellas County","FL",32713,"Florida"
33570,"Ruskin","Hillsborough County","FL",32620,"Florida"
33756,"Clearwater","Pinellas County","FL",32615,"Florida"
33156,"Miami","Miami-Dade County","FL",32582,"Florida"
34472,"Ocala","Marion County","FL",32528,"Florida"
34231,"Sarasota","Sarasota County","FL",32413,"Florida"
33904,"Cape Coral","Lee County","FL",32345,"Florida"
32773,"Sanford","Seminole County","FL",32342,"Florida"
34772,"Saint Cloud","Osceola County","FL",32268,"Florida"
32312,"Tallahassee","Leon County","FL",32244,"Florida"
33462,"Lake Worth","Palm Beach County","FL",32232,"Florida"
33442,"Deerfield Beach","Broward County","FL",32076,"Florida"
34491,"Summerfield","Marion County","FL",32062,"Florida"
33150,"Miami","Miami-Dade County","FL",31807,"Florida"
32757,"Mount Dora","Lake County","FL",31758,"Florida"
32043,"Green Cove Springs","Clay County","FL",31705,"Florida"
33143,"Miami","Miami-Dade County","FL",31688,"Florida"
34243,"Sarasota","Manatee County","FL",31656,"Florida"
33401,"West Palm Beach","Palm Beach County","FL",31625,"Florida"
33054,"Opa Locka","Miami-Dade County","FL",31590,"Florida"
33325,"Fort Lauderdale","Broward County","FL",31546,"Florida"
33326,"Fort Lauderdale","Broward County","FL",31514,"Florida"
32539,"Crestview","Okaloosa County","FL",31392,"Florida"
32208,"Jacksonville","Duval County","FL",31368,"Florida"
33445,"Delray Beach","Palm Beach County","FL",31283,"Florida"
33470,"Loxahatchee","Palm Beach County","FL",31165,"Florida"
32832,"Orlando","Orange County","FL",31143,"Florida"
33702,"Saint Petersburg","Pinellas County","FL",31119,"Florida"
33334,"Fort Lauderdale","Broward County","FL",31047,"Florida"
33404,"West Palm Beach","Palm Beach County","FL",31034,"Florida"
34205,"Bradenton","Manatee County","FL",30966,"Florida"
32205,"Jacksonville","Duval County","FL",30913,"Florida"
33809,"Lakeland","Polk County","FL",30897,"Florida"
33026,"Hollywood","Broward County","FL",30868,"Florida"
33626,"Tampa","Hillsborough County","FL",30736,"Florida"
34990,"Palm City","Martin County","FL",30606,"Florida"
32221,"Jacksonville","Duval County","FL",30597,"Florida"
33993,"Cape Coral","Lee County","FL",30572,"Florida"
32583,"Milton","Santa Rosa County","FL",30534,"Florida"
33917,"North Fort Myers","Lee County","FL",30512,"Florida"
33547,"Lithia","Hillsborough County","FL",30431,"Florida"
33830,"Bartow","Polk County","FL",30396,"Florida"
33556,"Odessa","Hillsborough County","FL",30386,"Florida"
32607,"Gainesville","Alachua County","FL",30306,"Florida"
33803,"Lakeland","Polk County","FL",30230,"Florida"
32159,"Lady Lake","Lake County","FL",30111,"Florida"
33510,"Brandon","Hillsborough County","FL",30103,"Florida"
32327,"Crawfordville","Wakulla County","FL",30090,"Florida"
32168,"New Smyrna Beach","Volusia County","FL",30074,"Florida"
32533,"Cantonment","Escambia County","FL",29975,"Florida"
34769,"Saint Cloud","Osceola County","FL",29975,"Florida"
34639,"Land O'Lakes","Pasco County","FL",29953,"Florida"
33928,"Estero","Lee County","FL",29948,"Florida"
34667,"Hudson","Pasco County","FL",29836,"Florida"
33013,"Hialeah","Miami-Dade County","FL",29830,"Florida"
32003,"Fleming Island","Clay County","FL",29810,"Florida"
32117,"Daytona Beach","Volusia County","FL",29720,"Florida"
32405,"Panama City","Bay County","FL",29661,"Florida"
33441,"Deerfield Beach","Broward County","FL",29576,"Florida"
33328,"Fort Lauderdale","Broward County","FL",29544,"Florida"
33185,"Miami","Miami-Dade County","FL",29530,"Florida"
34986,"Port Saint Lucie","St. Lucie County","FL",29319,"Florida"
33145,"Miami","Miami-Dade County","FL",29240,"Florida"
33069,"Pompano Beach","Broward County","FL",29228,"Florida"
32809,"Orlando","Orange County","FL",29207,"Florida"
32779,"Longwood","Seminole County","FL",29111,"Florida"
33558,"Lutz","Hillsborough County","FL",29098,"Florida"
33314,"Fort Lauderdale","Broward County","FL",28978,"Florida"
33625,"Tampa","Hillsborough County","FL",28818,"Florida"
32958,"Sebastian","Indian River County","FL",28729,"Florida"
33971,"Lehigh Acres","Lee County","FL",28712,"Florida"
32082,"Ponte Vedra Beach","St. Johns County","FL",28697,"Florida"
32250,"Jacksonville Beach","Duval County","FL",28619,"Florida"
33138,"Miami","Miami-Dade County","FL",28609,"Florida"
33596,"Valrico","Hillsborough County","FL",28558,"Florida"
32563,"Gulf Breeze","Santa Rosa County","FL",28511,"Florida"
33573,"Sun City Center","Hillsborough County","FL",28491,"Florida"
33919,"Fort Myers","Lee County","FL",28483,"Florida"
33544,"Wesley Chapel","Pasco County","FL",28472,"Florida"
32826,"Orlando","Orange County","FL",28428,"Florida"
34266,"Arcadia","DeSoto County","FL",28420,"Florida"
33618,"Tampa","Hillsborough County","FL",28416,"Florida"
33771,"Largo","Pinellas County","FL",28412,"Florida"
33308,"Fort Lauderdale","Broward County","FL",28406,"Florida"
33127,"Miami","Miami-Dade County","FL",28306,"Florida"
33897,"Davenport","Polk County","FL",28083,"Florida"
32505,"Pensacola","Escambia County","FL",28055,"Florida"
33598,"Wimauma","Hillsborough County","FL",27978,"Florida"
32163,"The Villages","Sumter County","FL",27953,"Florida"
32127,"Port Orange","Volusia County","FL",27908,"Florida"
33967,"Fort Myers","Lee County","FL",27887,"Florida"
33584,"Seffner","Hillsborough County","FL",27863,"Florida"
34219,"Parrish","Manatee County","FL",27838,"Florida"
32819,"Orlando","Orange County","FL",27826,"Florida"
34606,"Spring Hill","Hernando County","FL",27795,"Florida"
33446,"Delray Beach","Palm Beach County","FL",27774,"Florida"
33764,"Clearwater","Pinellas County","FL",27681,"Florida"
32937,"Satellite Beach","Brevard County","FL",27611,"Florida"
34684,"Palm Harbor","Pinellas County","FL",27607,"Florida"
33028,"Pembroke Pines","Broward County","FL",27583,"Florida"
32901,"Melbourne","Brevard County","FL",27574,"Florida"
32927,"Cocoa","Brevard County","FL",27570,"Florida"
34771,"Saint Cloud","Osceola County","FL",27537,"Florida"
33705,"Saint Petersburg","Pinellas County","FL",27426,"Florida"
33755,"Clearwater","Pinellas County","FL",27279,"Florida"
34689,"Tarpon Springs","Pinellas County","FL",27076,"Florida"
33913,"Fort Myers","Lee County","FL",27056,"Florida"
32806,"Orlando","Orange County","FL",26927,"Florida"
32962,"Vero Beach","Indian River County","FL",26904,"Florida"
33563,"Plant City","Hillsborough County","FL",26874,"Florida"
34202,"Bradenton","Manatee County","FL",26762,"Florida"
32789,"Winter Park","Orange County","FL",26741,"Florida"
34982,"Fort Pierce","St. Lucie County","FL",26727,"Florida"
34287,"North Port","Sarasota County","FL",26721,"Florida"
33860,"Mulberry","Polk County","FL",26658,"Florida"
33629,"Tampa","Hillsborough County","FL",26625,"Florida"
34471,"Ocala","Marion County","FL",26614,"Florida"
34112,"Naples","Collier County","FL",26597,"Florida"
33144,"Miami","Miami-Dade County","FL",26596,"Florida"
33936,"Lehigh Acres","Hendry County","FL",26537,"Florida"
33166,"Miami","Miami-Dade County","FL",26364,"Florida"
33781,"Pinellas Park","Pinellas County","FL",26315,"Florida"
32605,"Gainesville","Alachua County","FL",26313,"Florida"
32177,"Palatka","Putnam County","FL",26290,"Florida"
33484,"Delray Beach","Palm Beach County","FL",26262,"Florida"
33569,"Riverview","Hillsborough County","FL",26189,"Florida"
33916,"Fort Myers","Lee County","FL",26153,"Florida"
33406,"West Palm Beach","Palm Beach County","FL",26093,"Florida"
33805,"Lakeland","Polk County","FL",26064,"Florida"
34736,"Groveland","Lake County","FL",26040,"Florida"
34747,"Kissimmee","Osceola County","FL",26021,"Florida"
33703,"Saint Petersburg","Pinellas County","FL",25900,"Florida"
33811,"Lakeland","Polk County","FL",25886,"Florida"
34109,"Naples","Collier County","FL",25845,"Florida"
33907,"Fort Myers","Lee County","FL",25828,"Florida"
33770,"Largo","Pinellas County","FL",25811,"Florida"
33545,"Wesley Chapel","Pasco County","FL",25721,"Florida"
32223,"Jacksonville","Duval County","FL",25604,"Florida"
33331,"Fort Lauderdale","Broward County","FL",25418,"Florida"
33825,"Avon Park","Highlands County","FL",25393,"Florida"
34652,"New Port Richey","Pasco County","FL",25335,"Florida"
33870,"Sebring","Highlands County","FL",25314,"Florida"
33137,"Miami","Miami-Dade County","FL",25283,"Florida"
32536,"Crestview","Okaloosa County","FL",25210,"Florida"
33712,"Saint Petersburg","Pinellas County","FL",25178,"Florida"
32750,"Longwood","Seminole County","FL",25176,"Florida"
32967,"Vero Beach","Indian River County","FL",25116,"Florida"
34476,"Ocala","Marion County","FL",25106,"Florida"
33707,"Saint Petersburg","Pinellas County","FL",25059,"Florida"
34714,"Clermont","Lake County","FL",25047,"Florida"
33991,"Cape Coral","Lee County","FL",24993,"Florida"
32905,"Palm Bay","Brevard County","FL",24971,"Florida"
32953,"Merritt Island","Brevard County","FL",24924,"Florida"
32763,"Orange City","Volusia County","FL",24852,"Florida"
33062,"Pompano Beach","Broward County","FL",24805,"Florida"
33950,"Punta Gorda","Charlotte County","FL",24702,"Florida"
33067,"Pompano Beach","Broward County","FL",24696,"Florida"
34110,"Naples","Collier County","FL",24584,"Florida"
33189,"Miami","Miami-Dade County","FL",24575,"Florida"
33542,"Zephyrhills","Pasco County","FL",24573,"Florida"
32701,"Altamonte Springs","Seminole County","FL",24551,"Florida"
34715,"Clermont","Lake County","FL",24484,"Florida"
34113,"Naples","Collier County","FL",24413,"Florida"
32081,"Ponte Vedra","St. Johns County","FL",24368,"Florida"
32778,"Tavares","Lake County","FL",24317,"Florida"
33901,"Fort Myers","Lee County","FL",24284,"Florida"
34104,"Naples","Collier County","FL",24269,"Florida"
33607,"Tampa","Hillsborough County","FL",24257,"Florida"
33709,"Saint Petersburg","Pinellas County","FL",24120,"Florida"
34481,"Ocala","Marion County","FL",24113,"Florida"
32233,"Atlantic Beach","Duval County","FL",24041,"Florida"
32960,"Vero Beach","Indian River County","FL",23961,"Florida"
33572,"Apollo Beach","Hillsborough County","FL",23846,"Florida"
33426,"Boynton Beach","Palm Beach County","FL",23781,"Florida"
33034,"Homestead","Miami-Dade County","FL",23774,"Florida"
34212,"Bradenton","Manatee County","FL",23754,"Florida"
33327,"Fort Lauderdale","Broward County","FL",23734,"Florida"
34654,"New Port Richey","Pasco County","FL",23727,"Florida"
33782,"Pinellas Park","Pinellas County","FL",23723,"Florida"
32836,"Orlando","Orange County","FL",23708,"Florida"
33772,"Seminole","Pinellas County","FL",23664,"Florida"
32726,"Eustis","Lake County","FL",23661,"Florida"
34974,"Okeechobee","Glades County","FL",23601,"Florida"
32548,"Fort Walton Beach","Okaloosa County","FL",23575,"Florida"
33444,"Delray Beach","Palm Beach County","FL",23569,"Florida"
33496,"Boca Raton","Palm Beach County","FL",23549,"Florida"
32129,"Port Orange","Volusia County","FL",23543,"Florida"
33168,"Miami","Miami-Dade County","FL",23458,"Florida"
32606,"Gainesville","Alachua County","FL",23317,"Florida"
33541,"Zephyrhills","Pasco County","FL",23224,"Florida"
32025,"Lake City","Columbia County","FL",23193,"Florida"
32308,"Tallahassee","Leon County","FL",23125,"Florida"
34601,"Brooksville","Hernando County","FL",23054,"Florida"
33486,"Boca Raton","Palm Beach County","FL",22991,"Florida"
34480,"Ocala","Marion County","FL",22956,"Florida"
32119,"Daytona Beach","Volusia County","FL",22935,"Florida"
33634,"Tampa","Hillsborough County","FL",22927,"Florida"
34473,"Ocala","Marion County","FL",22902,"Florida"
33566,"Plant City","Hillsborough County","FL",22842,"Florida"
33167,"Miami","Miami-Dade County","FL",22823,"Florida"
32751,"Maitland","Orange County","FL",22815,"Florida"
34482,"Ocala","Marion County","FL",22755,"Florida"
34677,"Oldsmar","Pinellas County","FL",22634,"Florida"
33606,"Tampa","Hillsborough County","FL",22546,"Florida"
32601,"Gainesville","Alachua County","FL",22544,"Florida"
33131,"Miami","Miami-Dade County","FL",22540,"Florida"
34957,"Jensen Beach","Martin County","FL",22523,"Florida"
33935,"Labelle","Hendry County","FL",22521,"Florida"
33323,"Fort Lauderdale","Broward County","FL",22506,"Florida"
32060,"Live Oak","Suwannee County","FL",22505,"Florida"
33431,"Boca Raton","Palm Beach County","FL",22488,"Florida"
32713,"Debary","Volusia County","FL",22430,"Florida"
33903,"North Fort Myers","Lee County","FL",22430,"Florida"
34238,"Sarasota","Sarasota County","FL",22426,"Florida"
34788,"Leesburg","Lake County","FL",22414,"Florida"
32926,"Cocoa","Brevard County","FL",22379,"Florida"
32803,"Orlando","Orange County","FL",22067,"Florida"
32128,"Port Orange","Volusia County","FL",21829,"Florida"
32097,"Yulee","Nassau County","FL",21778,"Florida"
32504,"Pensacola","Escambia County","FL",21710,"Florida"
34234,"Sarasota","Sarasota County","FL",21621,"Florida"
32444,"Lynn Haven","Bay County","FL",21564,"Florida"
33487,"Boca Raton","Palm Beach County","FL",21504,"Florida"
33852,"Lake Placid","Highlands County","FL",21394,"Florida"
33763,"Clearwater","Pinellas County","FL",21272,"Florida"
33432,"Boca Raton","Palm Beach County","FL",21270,"Florida"
33434,"Boca Raton","Palm Beach County","FL",21214,"Florida"
32080,"Saint Augustine","St. Johns County","FL",21167,"Florida"
33455,"Hobe Sound","Martin County","FL",20936,"Florida"
34470,"Ocala","Marion County","FL",20903,"Florida"
33184,"Miami","Miami-Dade County","FL",20850,"Florida"
32796,"Titusville","Brevard County","FL",20757,"Florida"
34114,"Naples","Collier County","FL",20716,"Florida"
34275,"Nokomis","Sarasota County","FL",20692,"Florida"
32952,"Merritt Island","Brevard County","FL",20666,"Florida"
34286,"North Port","Sarasota County","FL",20571,"Florida"
32459,"Santa Rosa Beach","Walton County","FL",20558,"Florida"
32804,"Orlando","Orange County","FL",20542,"Florida"
33896,"Davenport","Osceola County","FL",20528,"Florida"
33430,"Belle Glade","Palm Beach County","FL",20503,"Florida"
33181,"Miami","Miami-Dade County","FL",20448,"Florida"
32311,"Tallahassee","Leon County","FL",20442,"Florida"
33760,"Clearwater","Pinellas County","FL",20401,"Florida"
33405,"West Palm Beach","Palm Beach County","FL",20377,"Florida"
33714,"Saint Petersburg","Pinellas County","FL",20370,"Florida"
32305,"Tallahassee","Leon County","FL",20265,"Florida"
32217,"Jacksonville","Duval County","FL",20219,"Florida"
32024,"Lake City","Columbia County","FL",20155,"Florida"
32821,"Orlando","Orange County","FL",20034,"Florida"
33635,"Tampa","Hillsborough County","FL",19917,"Florida"
34691,"Holiday","Pasco County","FL",19868,"Florida"
33440,"Clewiston","Hendry County","FL",19800,"Florida"
33140,"Miami Beach","Miami-Dade County","FL",19785,"Florida"
33774,"Largo","Pinellas County","FL",19629,"Florida"
33603,"Tampa","Hillsborough County","FL",19545,"Florida"
32966,"Vero Beach","Indian River County","FL",19419,"Florida"
34474,"Ocala","Marion County","FL",19380,"Florida"
33912,"Fort Myers","Lee County","FL",19370,"Florida"
32829,"Orlando","Orange County","FL",19353,"Florida"
33187,"Miami","Miami-Dade County","FL",19346,"Florida"
33559,"Lutz","Hillsborough County","FL",19226,"Florida"
33974,"Lehigh Acres","Lee County","FL",19218,"Florida"
34117,"Naples","Collier County","FL",19218,"Florida"
33525,"Dade City","Pasco County","FL",19186,"Florida"
34233,"Sarasota","Sarasota County","FL",19179,"Florida"
34223,"Englewood","Sarasota County","FL",19116,"Florida"
34972,"Okeechobee","Okeechobee County","FL",19112,"Florida"
33716,"Saint Petersburg","Pinellas County","FL",18987,"Florida"
32609,"Gainesville","Alachua County","FL",18983,"Florida"
33304,"Fort Lauderdale","Broward County","FL",18923,"Florida"
32226,"Jacksonville","Duval County","FL",18892,"Florida"
33472,"Boynton Beach","Palm Beach County","FL",18881,"Florida"
33523,"Dade City","Pasco County","FL",18867,"Florida"
33408,"North Palm Beach","Palm Beach County","FL",18839,"Florida"
34285,"Venice","Sarasota County","FL",18791,"Florida"
32541,"Destin","Okaloosa County","FL",18784,"Florida"
34984,"Port Saint Lucie","St. Lucie County","FL",18691,"Florida"
32141,"Edgewater","Volusia County","FL",18683,"Florida"
34446,"Homosassa","Citrus County","FL",18668,"Florida"
32408,"Panama City","Bay County","FL",18594,"Florida"
33761,"Clearwater","Pinellas County","FL",18558,"Florida"
34785,"Wildwood","Sumter County","FL",18487,"Florida"
33948,"Port Charlotte","Charlotte County","FL",18440,"Florida"
33609,"Tampa","Hillsborough County","FL",18411,"Florida"
34420,"Belleview","Marion County","FL",18396,"Florida"
32433,"Defuniak Springs","Walton County","FL",18387,"Florida"
32118,"Daytona Beach","Volusia County","FL",18141,"Florida"
33413,"West Palm Beach","Palm Beach County","FL",18125,"Florida"
34465,"Beverly Hills","Citrus County","FL",18121,"Florida"
32401,"Panama City","Bay County","FL",18120,"Florida"
34613,"Brooksville","Hernando County","FL",18071,"Florida"
32934,"Melbourne","Brevard County","FL",18030,"Florida"
33549,"Lutz","Hillsborough County","FL",18016,"Florida"
33711,"Saint Petersburg","Pinellas County","FL",17984,"Florida"
33146,"Miami","Miami-Dade County","FL",17962,"Florida"
34994,"Stuart","Martin County","FL",17958,"Florida"
32827,"Orlando","Orange County","FL",17918,"Florida"
34237,"Sarasota","Sarasota County","FL",17877,"Florida"
33976,"Lehigh Acres","Lee County","FL",17874,"Florida"
34685,"Palm Harbor","Pinellas County","FL",17869,"Florida"
33777,"Seminole","Pinellas County","FL",17860,"Florida"
34695,"Safety Harbor","Pinellas County","FL",17853,"Florida"
32428,"Chipley","Washington County","FL",17801,"Florida"
32805,"Orlando","Orange County","FL",17791,"Florida"
33565,"Plant City","Hillsborough County","FL",17767,"Florida"
33602,"Tampa","Hillsborough County","FL",17631,"Florida"
34950,"Fort Pierce","St. Lucie County","FL",17623,"Florida"
33759,"Clearwater","Pinellas County","FL",17607,"Florida"
33637,"Tampa","Hillsborough County","FL",17507,"Florida"
33534,"Gibsonton","Hillsborough County","FL",17479,"Florida"
33701,"Saint Petersburg","Pinellas County","FL",17464,"Florida"
33132,"Miami","Miami-Dade County","FL",17136,"Florida"
33301,"Fort Lauderdale","Broward County","FL",17069,"Florida"
33898,"Lake Wales","Polk County","FL",17066,"Florida"
33190,"Miami","Miami-Dade County","FL",16909,"Florida"
32641,"Gainesville","Alachua County","FL",16898,"Florida"
32222,"Jacksonville","Duval County","FL",16869,"Florida"
33498,"Boca Raton","Palm Beach County","FL",16866,"Florida"
33136,"Miami","Miami-Dade County","FL",16854,"Florida"
34951,"Fort Pierce","St. Lucie County","FL",16853,"Florida"
33035,"Homestead","Miami-Dade County","FL",16788,"Florida"
32091,"Starke","Bradford County","FL",16729,"Florida"
34442,"Hernando","Citrus County","FL",16674,"Florida"
33983,"Punta Gorda","Charlotte County","FL",16637,"Florida"
34610,"Spring Hill","Pasco County","FL",16620,"Florida"
32351,"Quincy","Gadsden County","FL",16563,"Florida"
34211,"Bradenton","Manatee County","FL",16508,"Florida"
34105,"Naples","Collier County","FL",16462,"Florida"
34210,"Bradenton","Manatee County","FL",16461,"Florida"
33004,"Dania","Broward County","FL",16449,"Florida"
34292,"Venice","Sarasota County","FL",16426,"Florida"
32766,"Oviedo","Seminole County","FL",16425,"Florida"
32095,"Saint Augustine","St. Johns County","FL",16419,"Florida"
34108,"Naples","Collier County","FL",16401,"Florida"
33527,"Dover","Hillsborough County","FL",16342,"Florida"
33066,"Pompano Beach","Broward County","FL",16316,"Florida"
33704,"Saint Petersburg","Pinellas County","FL",16275,"Florida"
33773,"Largo","Pinellas County","FL",16272,"Florida"
32206,"Jacksonville","Duval County","FL",16210,"Florida"
32055,"Lake City","Columbia County","FL",16175,"Florida"
33605,"Tampa","Hillsborough County","FL",16166,"Florida"
32669,"Newberry","Alachua County","FL",16100,"Florida"
34145,"Marco Island","Collier County","FL",15942,"Florida"
34134,"Bonita Springs","Lee County","FL",15859,"Florida"
33778,"Largo","Pinellas County","FL",15651,"Florida"
34241,"Sarasota","Sarasota County","FL",15608,"Florida"
32653,"Gainesville","Alachua County","FL",15524,"Florida"
32968,"Vero Beach","Indian River County","FL",15456,"Florida"
32534,"Pensacola","Escambia County","FL",15448,"Florida"
33706,"Saint Petersburg","Pinellas County","FL",15433,"Florida"
32615,"Alachua","Alachua County","FL",15295,"Florida"
34224,"Englewood","Charlotte County","FL",15263,"Florida"
33708,"Saint Petersburg","Pinellas County","FL",15222,"Florida"
33972,"Lehigh Acres","Lee County","FL",15218,"Florida"
32922,"Cocoa","Brevard County","FL",15198,"Florida"
33129,"Miami","Miami-Dade County","FL",15184,"Florida"
32963,"Vero Beach","Indian River County","FL",15117,"Florida"
34475,"Ocala","Marion County","FL",15084,"Florida"
32011,"Callahan","Nassau County","FL",15006,"Florida"
33412,"West Palm Beach","Palm Beach County","FL",15001,"Florida"
33616,"Tampa","Hillsborough County","FL",14918,"Florida"
33478,"Jupiter","Palm Beach County","FL",14845,"Florida"
32413,"Panama City Beach","Bay County","FL",14820,"Florida"
34239,"Sarasota","Sarasota County","FL",14812,"Florida"
32801,"Orlando","Orange County","FL",14778,"Florida"
34235,"Sarasota","Sarasota County","FL",14760,"Florida"
33812,"Lakeland","Polk County","FL",14736,"Florida"
32407,"Panama City Beach","Bay County","FL",14710,"Florida"
32656,"Keystone Heights","Clay County","FL",14702,"Florida"
33149,"Key Biscayne","Miami-Dade County","FL",14639,"Florida"
33469,"Jupiter","Martin County","FL",14639,"Florida"
32903,"Indialantic","Brevard County","FL",14604,"Florida"
33973,"Lehigh Acres","Lee County","FL",14585,"Florida"
33765,"Clearwater","Pinellas County","FL",14578,"Florida"
32439,"Freeport","Walton County","FL",14572,"Florida"
34669,"Hudson","Pasco County","FL",14563,"Florida"
33154,"Miami Beach","Miami-Dade County","FL",14557,"Florida"
32317,"Tallahassee","Leon County","FL",14515,"Florida"
34987,"Port Saint Lucie","St. Lucie County","FL",14507,"Florida"
33170,"Miami","Miami-Dade County","FL",14477,"Florida"
34288,"North Port","Sarasota County","FL",14412,"Florida"
32310,"Tallahassee","Leon County","FL",14407,"Florida"
34240,"Sarasota","Sarasota County","FL",14400,"Florida"
32254,"Jacksonville","Duval County","FL",14338,"Florida"
33981,"Port Charlotte","Charlotte County","FL",14330,"Florida"
32063,"Macclenny","Baker County","FL",14289,"Florida"
32908,"Palm Bay","Brevard County","FL",14172,"Florida"
32219,"Jacksonville","Duval County","FL",14145,"Florida"
34222,"Ellenton","Manatee County","FL",13975,"Florida"
32425,"Bonifay","Holmes County","FL",13970,"Florida"
32696,"Williston","Levy County","FL",13915,"Florida"
32176,"Ormond Beach","Volusia County","FL",13882,"Florida"
32816,"Orlando","Orange County","FL",13835,"Florida"
32931,"Cocoa Beach","Brevard County","FL",13762,"Florida"
33403,"West Palm Beach","Palm Beach County","FL",13698,"Florida"
34604,"Brooksville","Hernando County","FL",13689,"Florida"
33873,"Wauchula","Hardee County","FL",13678,"Florida"
33815,"Lakeland","Polk County","FL",13644,"Florida"
33330,"Fort Lauderdale","Broward County","FL",13619,"Florida"
34452,"Inverness","Citrus County","FL",13592,"Florida"
33019,"Hollywood","Broward County","FL",13503,"Florida"
34479,"Ocala","Marion County","FL",13502,"Florida"
33868,"Polk City","Polk County","FL",13404,"Florida"
34236,"Sarasota","Sarasota County","FL",13347,"Florida"
33776,"Seminole","Pinellas County","FL",13304,"Florida"
33037,"Key Largo","Monroe County","FL",13265,"Florida"
33315,"Fort Lauderdale","Broward County","FL",13253,"Florida"
33182,"Miami","Miami-Dade County","FL",13163,"Florida"
33980,"Punta Gorda","Charlotte County","FL",13071,"Florida"
34432,"Dunnellon","Marion County","FL",13029,"Florida"
34947,"Fort Pierce","St. Lucie County","FL",12992,"Florida"
32569,"Mary Esther","Okaloosa County","FL",12936,"Florida"
33513,"Bushnell","Sumter County","FL",12882,"Florida"
32348,"Perry","Taylor County","FL",12827,"Florida"
33872,"Sebring","Highlands County","FL",12696,"Florida"
33483,"Delray Beach","Palm Beach County","FL",12639,"Florida"
33305,"Fort Lauderdale","Broward County","FL",12633,"Florida"
32054,"Lake Butler","Union County","FL",12598,"Florida"
33567,"Plant City","Hillsborough County","FL",12499,"Florida"
34461,"Lecanto","Citrus County","FL",12424,"Florida"
32344,"Monticello","Jefferson County","FL",12335,"Florida"
33853,"Lake Wales","Polk County","FL",12241,"Florida"
32220,"Jacksonville","Duval County","FL",12078,"Florida"
32736,"Eustis","Lake County","FL",11925,"Florida"
34731,"Fruitland Park","Lake County","FL",11911,"Florida"
34690,"Holiday","Pasco County","FL",11876,"Florida"
33332,"Fort Lauderdale","Broward County","FL",11809,"Florida"
32333,"Havana","Gadsden County","FL",11688,"Florida"
34488,"Silver Springs","Marion County","FL",11687,"Florida"
32776,"Sorrento","Lake County","FL",11681,"Florida"
32643,"High Springs","Alachua County","FL",11590,"Florida"
33477,"Jupiter","Palm Beach County","FL",11524,"Florida"
32951,"Melbourne Beach","Brevard County","FL",11516,"Florida"
32693,"Trenton","Gilchrist County","FL",11426,"Florida"
32754,"Mims","Brevard County","FL",11399,"Florida"
33316,"Fort Lauderdale","Broward County","FL",11304,"Florida"
33592,"Thonotosassa","Hillsborough County","FL",11275,"Florida"
33966,"Fort Myers","Lee County","FL",11236,"Florida"
34103,"Naples","Collier County","FL",11214,"Florida"
33875,"Sebring","Highlands County","FL",11129,"Florida"
33473,"Boynton Beach","Palm Beach County","FL",11107,"Florida"
33859,"Lake Wales","Polk County","FL",11081,"Florida"
33982,"Punta Gorda","Charlotte County","FL",11067,"Florida"
32046,"Hilliard","Nassau County","FL",11042,"Florida"
32833,"Orlando","Orange County","FL",10995,"Florida"
32820,"Orlando","Orange County","FL",10927,"Florida"
32148,"Interlachen","Putnam County","FL",10923,"Florida"
32501,"Pensacola","Escambia County","FL",10908,"Florida"
33480,"Palm Beach","Palm Beach County","FL",10853,"Florida"
33843,"Frostproof","Polk County","FL",10790,"Florida"
34637,"Land O'Lakes","Pasco County","FL",10784,"Florida"
34102,"Naples","Collier County","FL",10767,"Florida"
34996,"Stuart","Martin County","FL",10755,"Florida"
32446,"Marianna","Jackson County","FL",10676,"Florida"
32680,"Old Town","Dixie County","FL",10622,"Florida"
34448,"Homosassa","Citrus County","FL",10607,"Florida"
32579,"Shalimar","Okaloosa County","FL",10596,"Florida"
32784,"Umatilla","Marion County","FL",10545,"Florida"
33050,"Marathon","Monroe County","FL",10520,"Florida"
32409,"Panama City","Bay County","FL",10518,"Florida"
33955,"Punta Gorda","Charlotte County","FL",10397,"Florida"
33954,"Port Charlotte","Charlotte County","FL",10393,"Florida"
32169,"New Smyrna Beach","Volusia County","FL",10383,"Florida"
32640,"Hawthorne","Alachua County","FL",10360,"Florida"
33540,"Zephyrhills","Pasco County","FL",10282,"Florida"
32340,"Madison","Madison County","FL",10213,"Florida"
32038,"Fort White","Columbia County","FL",10208,"Florida"
34453,"Inverness","Citrus County","FL",10108,"Florida"
34450,"Inverness","Citrus County","FL",10005,"Florida"
34434,"Dunnellon","Citrus County","FL",9981,"Florida"
32920,"Cape Canaveral","Brevard County","FL",9961,"Florida"
33947,"Rotonda West","Charlotte County","FL",9927,"Florida"
34956,"Indiantown","Martin County","FL",9531,"Florida"
32814,"Orlando","Orange County","FL",9500,"Florida"
32561,"Gulf Breeze","Escambia County","FL",9495,"Florida"
34429,"Crystal River","Citrus County","FL",9448,"Florida"
32110,"Bunnell","Flagler County","FL",9424,"Florida"
32976,"Sebastian","Brevard County","FL",9310,"Florida"
33449,"Lake Worth","Palm Beach County","FL",9301,"Florida"
34428,"Crystal River","Citrus County","FL",9175,"Florida"
33931,"Fort Myers Beach","Lee County","FL",9150,"Florida"
34688,"Tarpon Springs","Pinellas County","FL",9074,"Florida"
34607,"Spring Hill","Hernando County","FL",9061,"Florida"
34602,"Brooksville","Hernando County","FL",9024,"Florida"
33128,"Miami","Miami-Dade County","FL",8989,"Florida"
33850,"Lake Alfred","Polk County","FL",8876,"Florida"
32612,"Gainesville","Alachua County","FL",8795,"Florida"
34614,"Brooksville","Hernando County","FL",8794,"Florida"
33597,"Webster","Sumter County","FL",8759,"Florida"
32550,"Miramar Beach","Walton County","FL",8722,"Florida"
32234,"Jacksonville","Duval County","FL",8692,"Florida"
33194,"Miami","Miami-Dade County","FL",8617,"Florida"
32626,"Chiefland","Levy County","FL",8552,"Florida"
32179,"Ocklawaha","Marion County","FL",8523,"Florida"
34431,"Dunnellon","Marion County","FL",8448,"Florida"
33841,"Fort Meade","Polk County","FL",8440,"Florida"
32136,"Flagler Beach","Flagler County","FL",8349,"Florida"
32204,"Jacksonville","Duval County","FL",8270,"Florida"
32440,"Graceville","Jackson County","FL",8239,"Florida"
32040,"Glen Saint Mary","Baker County","FL",8235,"Florida"
34433,"Dunnellon","Citrus County","FL",8128,"Florida"
32618,"Archer","Alachua County","FL",8111,"Florida"
34291,"North Port","Sarasota County","FL",8104,"Florida"
32052,"Jasper","Hamilton County","FL",8053,"Florida"
32132,"Edgewater","Volusia County","FL",8012,"Florida"
32112,"Crescent City","Putnam County","FL",8002,"Florida"
34949,"Fort Pierce","St. Lucie County","FL",7993,"Florida"
32124,"Daytona Beach","Volusia County","FL",7992,"Florida"
33715,"Saint Petersburg","Pinellas County","FL",7876,"Florida"
32465,"Wewahitchka","Gulf County","FL",7846,"Florida"
34436,"Floral City","Citrus County","FL",7846,"Florida"
32456,"Port Saint Joe","Gulf County","FL",7775,"Florida"
33031,"Homestead","Miami-Dade County","FL",7692,"Florida"
32064,"Live Oak","Suwannee County","FL",7641,"Florida"
33548,"Lutz","Hillsborough County","FL",7639,"Florida"
34242,"Sarasota","Sarasota County","FL",7602,"Florida"
34229,"Osprey","Sarasota County","FL",7575,"Florida"
32448,"Marianna","Jackson County","FL",7561,"Florida"
32424,"Blountstown","Calhoun County","FL",7516,"Florida"
34228,"Longboat Key","Sarasota County","FL",7479,"Florida"
33767,"Clearwater Beach","Pinellas County","FL",7458,"Florida"
33953,"Port Charlotte","Charlotte County","FL",7347,"Florida"
34251,"Myakka City","Manatee County","FL",7324,"Florida"
33920,"Alva","Lee County","FL",7250,"Florida"
32531,"Baker","Okaloosa County","FL",7235,"Florida"
32134,"Fort McCoy","Marion County","FL",7076,"Florida"
32347,"Perry","Taylor County","FL",7052,"Florida"
33476,"Pahokee","Palm Beach County","FL",6999,"Florida"
33042,"Summerland Key","Monroe County","FL",6990,"Florida"
34753,"Mascotte","Lake County","FL",6985,"Florida"
32066,"Mayo","Lafayette County","FL",6875,"Florida"
32603,"Gainesville","Alachua County","FL",6855,"Florida"
33471,"Moore Haven","Glades County","FL",6759,"Florida"
32266,"Neptune Beach","Duval County","FL",6743,"Florida"
34981,"Fort Pierce","St. Lucie County","FL",6703,"Florida"
33158,"Miami","Miami-Dade County","FL",6536,"Florida"
32435,"Defuniak Springs","Walton County","FL",6525,"Florida"
33620,"Tampa","Hillsborough County","FL",6451,"Florida"
33957,"Sanibel","Lee County","FL",6420,"Florida"
32730,"Casselberry","Seminole County","FL",6410,"Florida"
32202,"Jacksonville","Duval County","FL",6393,"Florida"
33834,"Bowling Green","Hardee County","FL",6371,"Florida"
32008,"Branford","Lafayette County","FL",6338,"Florida"
32666,"Melrose","Putnam County","FL",6313,"Florida"
33876,"Sebring","Highlands County","FL",6188,"Florida"
32466,"Youngstown","Bay County","FL",6167,"Florida"
33576,"San Antonio","Pasco County","FL",6076,"Florida"
32948,"Fellsmere","Indian River County","FL",6032,"Florida"
32321,"Bristol","Liberty County","FL",5995,"Florida"
34946,"Fort Pierce","St. Lucie County","FL",5825,"Florida"
33070,"Tavernier","Monroe County","FL",5717,"Florida"
34945,"Fort Pierce","St. Lucie County","FL",5608,"Florida"
33538,"Lake Panasoffkee","Sumter County","FL",5599,"Florida"
32130,"De Leon Springs","Volusia County","FL",5561,"Florida"
32145,"Hastings","St. Johns County","FL",5553,"Florida"
32565,"Jay","Santa Rosa County","FL",5515,"Florida"
32535,"Century","Escambia County","FL",5510,"Florida"
32460,"Sneads","Jackson County","FL",5488,"Florida"
32113,"Citra","Marion County","FL",5386,"Florida"
32621,"Bronson","Levy County","FL",5332,"Florida"
34269,"Arcadia","DeSoto County","FL",5274,"Florida"
32686,"Reddick","Marion County","FL",5273,"Florida"
32087,"Sanderson","Baker County","FL",5240,"Florida"
32628,"Cross City","Dixie County","FL",5235,"Florida"
33838,"Dundee","Polk County","FL",5226,"Florida"
32735,"Grand Island","Lake County","FL",5190,"Florida"
32352,"Quincy","Gadsden County","FL",5143,"Florida"
32668,"Morriston","Levy County","FL",5115,"Florida"
32189,"Satsuma","Putnam County","FL",5108,"Florida"
32732,"Geneva","Seminole County","FL",5104,"Florida"
33762,"Clearwater","Pinellas County","FL",5103,"Florida"
34484,"Oxford","Sumter County","FL",5090,"Florida"
33493,"South Bay","Palm Beach County","FL",5035,"Florida"
32508,"Pensacola","Escambia County","FL",5015,"Florida"
32619,"Bell","Gilchrist County","FL",5004,"Florida"
32180,"Pierson","Volusia County","FL",5000,"Florida"
32324,"Chattahoochee","Gadsden County","FL",4981,"Florida"
33785,"Indian Rocks Beach","Pinellas County","FL",4871,"Florida"
32438,"Fountain","Bay County","FL",4858,"Florida"
32567,"Laurel Hill","Okaloosa County","FL",4837,"Florida"
32331,"Greenville","Madison County","FL",4830,"Florida"
33890,"Zolfo Springs","Hardee County","FL",4821,"Florida"
32033,"Elkton","St. Johns County","FL",4704,"Florida"
34289,"North Port","Sarasota County","FL",4692,"Florida"
32950,"Malabar","Brevard County","FL",4666,"Florida"
34773,"Saint Cloud","Osceola County","FL",4647,"Florida"
32058,"Lawtey","Bradford County","FL",4607,"Florida"
33043,"Big Pine Key","Monroe County","FL",4547,"Florida"
32617,"Anthony","Marion County","FL",4525,"Florida"
32431,"Cottondale","Jackson County","FL",4515,"Florida"
34734,"Gotha","Orange County","FL",4502,"Florida"
32131,"East Palatka","Putnam County","FL",4381,"Florida"
32667,"Micanopy","Alachua County","FL",4334,"Florida"
32577,"Molino","Escambia County","FL",4313,"Florida"
32322,"Carrabelle","Franklin County","FL",4253,"Florida"
32455,"Ponce De Leon","Walton County","FL",4239,"Florida"
33922,"Bokeelia","Lee County","FL",4235,"Florida"
34756,"Montverde","Lake County","FL",4065,"Florida"
32580,"Valparaiso","Okaloosa County","FL",4038,"Florida"
32421,"Altha","Calhoun County","FL",3929,"Florida"
34201,"Bradenton","Manatee County","FL",3912,"Florida"
32502,"Pensacola","Escambia County","FL",3887,"Florida"
34737,"Howey In The Hills","Lake County","FL",3862,"Florida"
32542,"Eglin Afb","Okaloosa County","FL",3841,"Florida"
32442,"Grand Ridge","Jackson County","FL",3795,"Florida"
33965,"Fort Myers","Lee County","FL",3793,"Florida"
34217,"Bradenton Beach","Manatee County","FL",3719,"Florida"
32094,"Wellborn","Suwannee County","FL",3718,"Florida"
32328,"Eastpoint","Franklin County","FL",3716,"Florida"
32320,"Apalachicola","Franklin County","FL",3707,"Florida"
32053,"Jennings","Hamilton County","FL",3706,"Florida"
33839,"Eagle Lake","Polk County","FL",3649,"Florida"
33036,"Islamorada","Monroe County","FL",3620,"Florida"
32568,"McDavid","Escambia County","FL",3610,"Florida"
32009,"Bryceville","Nassau County","FL",3582,"Florida"
32744,"Lake Helen","Volusia County","FL",3544,"Florida"
32343,"Midway","Gadsden County","FL",3517,"Florida"
34449,"Inglis","Levy County","FL",3510,"Florida"
32227,"Jacksonville","Duval County","FL",3497,"Florida"
33956,"Saint James City","Lee County","FL",3494,"Florida"
32464,"Westville","Holmes County","FL",3461,"Florida"
32462,"Vernon","Washington County","FL",3417,"Florida"
34705,"Astatula","Lake County","FL",3306,"Florida"
32071,"O'Brien","Suwannee County","FL",3219,"Florida"
32195,"Weirsdale","Marion County","FL",3183,"Florida"
32181,"Pomona Park","Putnam County","FL",3163,"Florida"
32767,"Paisley","Lake County","FL",3040,"Florida"
32096,"White Springs","Columbia County","FL",2875,"Florida"
32443,"Greenwood","Jackson County","FL",2850,"Florida"
33306,"Fort Lauderdale","Broward County","FL",2767,"Florida"
32420,"Alford","Jackson County","FL",2712,"Florida"
33946,"Placida","Charlotte County","FL",2704,"Florida"
32759,"Oak Hill","Volusia County","FL",2683,"Florida"
32764,"Osteen","Volusia County","FL",2642,"Florida"
32059,"Lee","Madison County","FL",2641,"Florida"
32949,"Grant","Brevard County","FL",2609,"Florida"
32461,"Inlet Beach","Walton County","FL",2589,"Florida"
33514,"Center Hill","Sumter County","FL",2582,"Florida"
33827,"Babson Park","Polk County","FL",2513,"Florida"
32702,"Altoona","Lake County","FL",2490,"Florida"
32798,"Zellwood","Orange County","FL",2437,"Florida"
32445,"Malone","Jackson County","FL",2415,"Florida"
32831,"Orlando","Orange County","FL",2414,"Florida"
32083,"Raiford","Union County","FL",2392,"Florida"
32564,"Holt","Santa Rosa County","FL",2350,"Florida"
32346,"Panacea","Wakulla County","FL",2326,"Florida"
32544,"Hurlburt Field","Okaloosa County","FL",2315,"Florida"
33621,"Tampa","Hillsborough County","FL",2309,"Florida"
32026,"Raiford","Union County","FL",2269,"Florida"
32102,"Astor","Lake County","FL",2224,"Florida"
32044,"Hampton","Bradford County","FL",2026,"Florida"
32694,"Waldo","Alachua County","FL",1992,"Florida"
33122,"Miami","Miami-Dade County","FL",1873,"Florida"
32212,"Jacksonville","Duval County","FL",1872,"Florida"
32062,"McAlpin","Suwannee County","FL",1783,"Florida"
32190,"Seville","Volusia County","FL",1774,"Florida"
32140,"Florahome","Putnam County","FL",1727,"Florida"
32307,"Tallahassee","Leon County","FL",1713,"Florida"
32622,"Brooker","Bradford County","FL",1712,"Florida"
33574,"Saint Leo","Pasco County","FL",1651,"Florida"
32625,"Cedar Key","Levy County","FL",1628,"Florida"
32334,"Hosford","Liberty County","FL",1611,"Florida"
32925,"Patrick Afb","Brevard County","FL",1606,"Florida"
33786,"Belleair Beach","Pinellas County","FL",1579,"Florida"
32350,"Pinetta","Madison County","FL",1563,"Florida"
32306,"Tallahassee","Leon County","FL",1547,"Florida"
32709,"Christmas","Orange County","FL",1545,"Florida"
32358,"Sopchoppy","Wakulla County","FL",1521,"Florida"
32147,"Hollister","Putnam County","FL",1427,"Florida"
32336,"Lamont","Taylor County","FL",1370,"Florida"
33585,"Sumterville","Sumter County","FL",1352,"Florida"
34797,"Yalaha","Lake County","FL",1304,"Florida"
32187,"San Mateo","Putnam County","FL",1221,"Florida"
33857,"Lorida","Highlands County","FL",1160,"Florida"
32511,"Pensacola","Escambia County","FL",1145,"Florida"
32193,"Welaka","Putnam County","FL",1122,"Florida"
32427,"Caryville","Washington County","FL",1111,"Florida"
32332,"Gretna","Gadsden County","FL",1097,"Florida"
34138,"Chokoloskee","Collier County","FL",1061,"Florida"
32449,"Wewahitchka","Calhoun County","FL",1037,"Florida"
32359,"Steinhatchee","Dixie County","FL",1007,"Florida"
34681,"Crystal Beach","Pinellas County","FL",994,"Florida"
33930,"Felda","Hendry County","FL",993,"Florida"
33851,"Lake Hamilton","Polk County","FL",988,"Florida"
34760,"Oakland","Orange County","FL",978,"Florida"
34216,"Anna Maria","Manatee County","FL",924,"Florida"
32157,"Lake Como","Putnam County","FL",876,"Florida"
32423,"Bascom","Jackson County","FL",872,"Florida"
33865,"Ona","Hardee County","FL",866,"Florida"
32426,"Campbellton","Jackson County","FL",826,"Florida"
33109,"Miami Beach","Miami-Dade County","FL",792,"Florida"
32139,"Georgetown","Putnam County","FL",791,"Florida"
33521,"Coleman","Sumter County","FL",788,"Florida"
34739,"Kenansville","Osceola County","FL",782,"Florida"
32330,"Greensboro","Gadsden County","FL",757,"Florida"
32403,"Panama City","Bay County","FL",746,"Florida"
32133,"Eastlake Weir","Marion County","FL",732,"Florida"
32430,"Clarksville","Calhoun County","FL",732,"Florida"
33921,"Boca Grande","Lee County","FL",726,"Florida"
33849,"Kathleen","Polk County","FL",713,"Florida"
34215,"Cortez","Manatee County","FL",683,"Florida"
33051,"Key Colony Beach","Monroe County","FL",650,"Florida"
34498,"Yankeetown","Levy County","FL",629,"Florida"
32437,"Ebro","Washington County","FL",620,"Florida"
33438,"Canal Point","Martin County","FL",609,"Florida"
33960,"Venus","Highlands County","FL",581,"Florida"
33858,"Loughman","Polk County","FL",573,"Florida"
33848,"Intercession City","Osceola County","FL",549,"Florida"
34268,"Nocatee","DeSoto County","FL",508,"Florida"
34250,"Terra Ceia","Manatee County","FL",495,"Florida"
33854,"Lakeshore","Polk County","FL",446,"Florida"
32079,"Penney Farms","Clay County","FL",439,"Florida"
32509,"Pensacola","Escambia County","FL",428,"Florida"
32410,"Mexico Beach","Bay County","FL",412,"Florida"
33503,"Balm","Hillsborough County","FL",401,"Florida"
33847,"Homeland","Polk County","FL",374,"Florida"
32631,"Earleton","Alachua County","FL",370,"Florida"
34137,"Copeland","Collier County","FL",369,"Florida"
32658,"La Crosse","Alachua County","FL",354,"Florida"
33001,"Long Key","Monroe County","FL",340,"Florida"
34762,"The Villages","Lake County","FL",319,"Florida"
32648,"Horseshoe Beach","Dixie County","FL",316,"Florida"
32683,"Otter Creek","Levy County","FL",310,"Florida"
32361,"Wacissa","Jefferson County","FL",297,"Florida"
33856,"Nalcrest","Polk County","FL",297,"Florida"
32355,"Saint Marks","Wakulla County","FL",291,"Florida"
32681,"Orange Lake","Marion County","FL",288,"Florida"
32664,"McIntosh","Marion County","FL",285,"Florida"
33877,"Waverly","Polk County","FL",269,"Florida"
32639,"Gulf Hammock","Levy County","FL",261,"Florida"
32970,"Wabasso","Indian River County","FL",252,"Florida"
34661,"Nobleton","Hernando County","FL",250,"Florida"
32228,"Jacksonville","Duval County","FL",224,"Florida"
33944,"Palmdale","Glades County","FL",186,"Florida"
32697,"Worthington Springs","Union County","FL",185,"Florida"
33924,"Captiva","Lee County","FL",161,"Florida"
32463,"Wausau","Washington County","FL",158,"Florida"
34140,"Goodland","Collier County","FL",155,"Florida"
34679,"Aripeka","Pasco County","FL",144,"Florida"
34139,"Everglades City","Collier County","FL",143,"Florida"
33855,"Indian Lake Estates","Polk County","FL",126,"Florida"
32616,"Alachua","Alachua County","FL",123,"Florida"
32013,"Day","Lafayette County","FL",117,"Florida"
32323,"Lanark Village","Franklin County","FL",104,"Florida"
32360,"Telogia","Liberty County","FL",98,"Florida"
32692,"Suwannee","Dixie County","FL",88,"Florida"
32337,"Lloyd","Jefferson County","FL",81,"Florida"
32356,"Salem","Taylor County","FL",79,"Florida"
33867,"River Ranch","Polk County","FL",76,"Florida"
34141,"Ochopee","Collier County","FL",74,"Florida"
33744,"Bay Pines","Pinellas County","FL",71,"Florida"
32061,"Lulu","Columbia County","FL",59,"Florida"
33835,"Bradley","Polk County","FL",57,"Florida"
34267,"Fort Ogden","DeSoto County","FL",56,"Florida"
32830,"Orlando","Orange County","FL",49,"Florida"
32530,"Bagdad","Santa Rosa County","FL",38,"Florida"
32072,"Olustee","Baker County","FL",37,"Florida"
34729,"Ferndale","Lake County","FL",36,"Florida"
32182,"Orange Springs","Marion County","FL",30,"Florida"
32610,"Gainesville","Alachua County","FL",25,"Florida"
32634,"Fairfield","Marion County","FL",19,"Florida"
33530,"Durant","Hillsborough County","FL",18,"Florida"
32192,"Sparr","Marion County","FL",0,"Florida"
32203,"Jacksonville","Duval County","FL",0,"Florida"
32214,"Jacksonville","Duval County","FL",0,"Florida"
32313,"Tallahassee","Leon County","FL",0,"Florida"
32399,"Tallahassee","Leon County","FL",0,"Florida"
32432,"Cypress","Jackson County","FL",0,"Florida"
32512,"Pensacola","Escambia County","FL",0,"Florida"
32723,"Deland","Volusia County","FL",0,"Florida"
32768,"Plymouth","Orange County","FL",0,"Florida"
32775,"Scottsmoor","Brevard County","FL",0,"Florida"
32899,"Orlando","Brevard County","FL",0,"Florida"
32959,"Sharpes","Brevard County","FL",0,"Florida"
33022,"Hollywood","Broward County","FL",0,"Florida"
33039,"Homestead","Miami-Dade County","FL",0,"Florida"
33101,"Miami","Miami-Dade County","FL",0,"Florida"
33388,"Plantation","Broward County","FL",0,"Florida"
33550,"Mango","Hillsborough County","FL",0,"Florida"
33840,"Eaton Park","Polk County","FL",0,"Florida"
34101,"Naples","Collier County","FL",0,"Florida"
34445,"Holder","Citrus County","FL",0,"Florida"
34487,"Homosassa","Citrus County","FL",0,"Florida"